0.05	A	0.15
0.15	mom	0.53
0.53	over	0.89
0.89	42,	1.69
1.69	one	1.99
1.99	bit	2.23
2.23	of	2.37
2.37	shot	2.71
2.71	a	2.95
2.95	day	3.27
3.67	In	3.85
3.85	a	3.99
3.99	week,	4.47
4.47	the	4.59
4.59	bloat	4.91
4.91	and	5.07
5.07	the	5.19
5.19	fupa	5.45
5.45	faded	6.45
6.45	away	7.09
7.75	They	7.97
7.97	told	8.37
8.37	her	8.53
8.53	no	8.79
8.79	burgers,	9.55
9.55	no	9.73
9.73	pizza,	10.35
10.35	no	10.53
10.53	sweets	11.05
11.21	Ice	12.09
12.09	cream	12.43
12.43	and	12.65
12.65	chocolate,	13.23
13.23	not	13.37
13.37	true,	13.93
13.93	she	14.27
14.27	still	14.59
14.59	eats	15.03
15.09	All	15.31
15.31	you	15.39
15.39	need	15.51
15.51	is	15.65
15.65	one	15.83
15.83	thing,	16.49
16.49	one	17.83
17.83	shot	18.35
18.35	a	18.61
18.61	day	18.77
19.17	Sour,	19.67
19.67	sour,	19.97
19.97	bitter,	20.11
20.11	strong,	20.37
20.37	bitter,	20.77
20.77	flush	20.89
20.89	that	21.17
21.17	crack,	21.75
21.75	die	22.01
22.01	it	22.25
22.25	away	22.63
23.61	Other	23.87
23.87	sour,	24.15
24.15	sour,	24.45
24.45	sour,	24.61
24.61	bitter,	25.39
25.39	they	25.95
25.95	make	26.15
26.15	you	26.41
26.41	frown	27.03
27.33	Ours	27.77
27.77	is	27.99
27.99	bold,	28.53
28.53	tropical,	29.11
29.11	delicious	29.49
29.49	going	30.03
30.03	down	30.59
30.71	And	30.95
30.95	while	31.21
31.21	you	31.35
31.35	love	31.77
31.77	it,	32.21
32.21	sit	32.47
32.47	here,	33.15
33.15	here's	33.61
33.61	what	33.97
33.97	it	34.23
34.23	means	34.65
34.91	The	35.29
35.29	bitterness	35.71
35.71	is	36.27
36.27	working	36.63
36.63	hard	37.43
37.43	behind	37.91
37.91	the	38.15
38.15	scenes	38.49
38.69	Sour,	38.99
38.99	sipping	39.17
39.17	alo,	39.81
39.81	some	39.89
39.89	yogurt,	40.93
40.93	flush	41.21
41.21	the	41.59
41.59	blood	41.89
41.89	out	42.37
42.21	Flatest	43.07
43.07	stomach,	43.85
43.85	that's	44.25
44.25	what	44.59
44.59	it's	44.83
44.83	all	45.23
45.23	about	45.97
46.45	Pecamin	46.83
46.83	and	46.99
46.99	ginger,	47.73
47.73	keep	48.01
48.01	inflammation	48.99
48.99	low	49.89
49.97	Ginseng	50.61
50.61	and	50.81
50.81	garana	51.13
51.13	energy,	52.11
52.11	no	52.35
52.35	crash,	53.09
53.09	let's	53.49
53.49	go	53.85
54.69	95%	55.81
55.81	said	56.47
56.47	in	56.65
56.65	just	56.91
56.91	three	57.27
57.27	weeks	57.77
57.43	More	58.15
58.15	energy,	59.17
59.17	stronger	59.37
59.37	immunity	59.85
59.95	Less	60.71
60.71	than	61.07
61.07	two	61.49
61.27	All	61.89
61.89	you	62.01
62.01	need	62.15
62.15	is	62.27
62.27	one	62.45
62.45	thing,	62.97
62.97	one	63.31
63.31	thing	63.71
63.99	One	64.51
64.51	shot	64.99
64.99	a	65.35
65.35	day	65.37
65.51	Sour,	66.05
66.05	sour,	66.71
66.71	bitter,	66.93
66.93	sweet,	67.29
67.29	from	67.31
67.31	bitter,	67.75
67.75	flush	67.85
67.89	That	68.11
68.11	crap,	68.39
68.39	tie	68.57
68.57	it	68.81
68.81	away	69.17
69.97	Reviews	70.65
70.65	are	70.91
70.91	insane,	71.69
71.69	flash	72.03
72.03	sale	72.45
72.45	right	72.79
72.79	now	73.15
73.19	Grab	73.61
73.61	them	73.87
73.87	before	74.27
74.27	they're	74.63
74.63	gone,	75.11
75.09	Don't	76.21
75.11	links	75.31
75.31	below	75.55
76.21	wait	76.53
76.53	around	77.03
