2.1	A	2.2
2.2	mom	2.58
2.58	over	2.94
2.94	42,	3.74
3.74	one	4.04
4.04	bit	4.28
4.28	of	4.42
4.42	shot	4.76
4.76	a	5.0
5.0	day	5.32
5.72	In	5.9
5.9	a	6.04
6.04	week,	6.52
6.52	the	6.64
6.64	bloat	6.96
6.96	and	7.12
7.12	the	7.24
7.24	fupa	7.5
7.5	faded	8.5
8.5	away	9.14
9.8	They	10.02
10.02	told	10.42
10.42	her	10.58
10.58	no	10.84
10.84	burgers,	11.6
11.6	no	11.78
11.78	pizza,	12.4
12.4	no	12.58
12.58	sweets	13.1
13.26	Ice	14.14
14.14	cream	14.48
14.48	and	14.7
14.7	chocolate,	15.28
15.28	not	15.42
15.42	true,	15.98
15.98	she	16.32
16.32	still	16.64
16.64	eats	17.08
17.14	All	17.36
17.36	you	17.44
17.44	need	17.56
17.56	is	17.7
17.7	one	17.88
17.88	thing,	18.54
18.54	one	19.88
19.88	shot	20.4
20.4	a	20.66
20.66	day	20.82
21.22	Sour,	21.72
21.72	sour,	22.02
22.02	bitter,	22.16
22.16	strong,	22.42
22.42	bitter,	22.82
22.82	flush	22.94
22.94	that	23.22
23.22	crack,	23.8
23.8	die	24.06
24.06	it	24.3
24.3	away	24.68
25.66	Other	25.92
25.92	sour,	26.2
26.2	sour,	26.5
26.5	sour,	26.66
26.66	bitter,	27.44
27.44	they	28.0
28.0	make	28.2
28.2	you	28.46
28.46	frown	29.08
29.38	Ours	29.82
29.82	is	30.04
30.04	bold,	30.58
30.58	tropical,	31.16
31.16	delicious	31.54
31.54	going	32.08
32.08	down	32.64
32.76	And	33.0
33.0	while	33.26
33.26	you	33.4
33.4	love	33.82
33.82	it,	34.26
34.26	sit	34.52
34.52	here,	35.2
35.2	here's	35.66
35.66	what	36.02
36.02	it	36.28
36.28	means	36.7
36.96	The	37.34
37.34	bitterness	37.76
37.76	is	38.32
38.32	working	38.68
38.68	hard	39.48
39.48	behind	39.96
39.96	the	40.2
40.2	scenes	40.54
40.74	Sour,	41.04
41.04	sipping	41.22
41.22	alo,	41.86
41.86	some	41.94
41.94	yogurt,	42.98
42.98	flush	43.26
43.26	the	43.64
43.64	blood	43.94
43.94	out	44.42
44.26	Flatest	45.12
45.12	stomach,	45.9
45.9	that's	46.3
46.3	what	46.64
46.64	it's	46.88
46.88	all	47.28
47.28	about	48.02
48.5	Pecamin	48.88
48.88	and	49.04
49.04	ginger,	49.78
49.78	keep	50.06
50.06	inflammation	51.04
51.04	low	51.94
52.02	Ginseng	52.66
52.66	and	52.86
52.86	garana	53.18
53.18	energy,	54.16
54.16	no	54.4
54.4	crash,	55.14
55.14	let's	55.54
55.54	go	55.9
56.74	95%	57.86
57.86	said	58.52
58.52	in	58.7
58.7	just	58.96
58.96	three	59.32
59.32	weeks	59.82
59.48	More	60.2
60.2	energy,	61.22
61.22	stronger	61.42
61.42	immunity	61.9
62.0	Less	62.76
62.76	than	63.12
63.12	two	63.54
63.32	All	63.94
63.94	you	64.06
64.06	need	64.2
64.2	is	64.32
64.32	one	64.5
64.5	thing,	65.02
65.02	one	65.36
65.36	thing	65.76
66.04	One	66.56
66.56	shot	67.04
67.04	a	67.4
67.4	day	67.42
67.56	Sour,	68.1
68.1	sour,	68.76
68.76	bitter,	68.98
68.98	sweet,	69.34
69.34	from	69.36
69.36	bitter,	69.8
69.8	flush	69.9
69.94	That	70.16
70.16	crap,	70.44
70.44	tie	70.62
70.62	it	70.86
70.86	away	71.22
72.02	Reviews	72.7
72.7	are	72.96
72.96	insane,	73.74
73.74	flash	74.08
74.08	sale	74.5
74.5	right	74.84
74.84	now	75.2
75.24	Grab	75.66
75.66	them	75.92
75.92	before	76.32
76.32	they're	76.68
76.68	gone,	77.16
77.14	Don't	78.26
77.16	links	77.36
77.36	below	77.6
78.26	wait	78.58
78.58	around	79.08
